SYMBOL,fastsma_Window,Returns,Sharpe_Ratio,Profit_Factor,Win_Rate,Number_of_Trade,Max_Drawdown,Mean_DrawDown,Recovery_Factor,R_Squared,Event_Over_Fitting,Parameter
BTCUSDT,10,0.09933144075889856,0.7115982877641193,1.1548591994826882,28.947368421052634,38,25.95978075727059,-11.407251210163965,0.3826359000781572,0.12136087931744521,82.77369484549698,fastsma_10
BTCUSDT,20,0.4445879404599745,2.2122681994568376,1.9734121549380728,42.857142857142854,21,21.683794351806984,-9.40858721847011,2.0503235423044193,0.4901920952443303,,fastsma_20
BTCUSDT,30,0.47502043707966307,2.332702987109195,2.3006610905190477,40.0,20,17.478874969591352,-8.574139243993526,2.7176831341037326,0.6235509480709985,,fastsma_30
BTCUSDT,40,0.5621774082002298,2.647774993807418,3.0225457352951643,42.10526315789473,19,13.674358956637079,-6.315550919190731,4.111179251495132,0.7068972856528574,,fastsma_40
BTCUSDT,50,0.497546687288453,2.388707065553597,2.50487251993149,36.36363636363637,22,17.52091455332514,-8.510034912550246,2.8397301166794855,0.6212486086415516,,fastsma_50
BTCUSDT,60,0.8106962842009992,3.4938339460082593,5.022459047275313,45.45454545454545,22,10.623470300934024,-4.295556708776218,7.631181348807669,0.8509511915881007,,fastsma_60
BTCUSDT,70,0.47488390369400124,2.332088995199466,2.2687571545889686,52.17391304347826,23,14.110805065146614,-6.280000013029932,3.3653919921759408,0.6708760382560742,,fastsma_70
BTCUSDT,80,0.25522959524524863,1.4478291322136114,1.8091695255332398,42.857142857142854,28,15.616333831805218,-7.761120465407047,1.6343758912570878,0.5909601821170469,20.07956796711351,fastsma_80
ETHUSDT,10,0.6907209401224924,2.656936241111557,2.411869421749362,31.428571428571427,35,15.502740500330336,-7.21671909903591,4.455476372759864,0.7999530045710652,18.036064537197394,fastsma_10
ETHUSDT,20,0.5986082574937416,2.3636459070767963,1.9931836228007638,33.33333333333333,27,18.51960944715385,-7.732124722159088,3.232294175543413,0.7248083990979868,16.82647185905218,fastsma_20
ETHUSDT,30,0.6494424630164197,2.480467615337355,2.1678252689534405,37.5,24,17.465929102054634,-6.402211615608233,3.718339054405193,0.820203619524573,,fastsma_30
ETHUSDT,40,0.4606106383742872,1.9205790675001213,1.7157546643820276,37.5,24,20.690021635065225,-8.724424026194338,2.2262453200805226,0.620426252151006,,fastsma_40
ETHUSDT,50,0.41006997832073966,1.7576610207885268,1.5788123548503512,41.66666666666667,24,25.00048367019151,-10.202434713793004,1.6402481797169102,0.48722095182854297,,fastsma_50
ETHUSDT,60,0.39161734681234334,1.68613293135556,1.5164760534845745,36.0,25,27.766774014320106,-10.781788428871373,1.4103811505448032,0.3895778612379588,,fastsma_60
ETHUSDT,70,0.6406519729022984,2.4258539196740663,1.9847443584886995,44.44444444444444,27,17.762786944968,-6.9968238984417415,3.6067086481819675,0.6998158726051438,18.42120432793928,fastsma_70
ETHUSDT,80,0.4471392800127809,1.8584150999491145,1.619572370997773,50.0,30,25.264188402591216,-9.074373466940605,1.769854122711182,0.5036998730837449,19.98717303844384,fastsma_80
DOGEUSDT,10,0.00017098909999999995,0.2709479315719387,1.1350098839851652,23.076923076923077,39,0.09409904543599135,-0.04560554830619877,0.1817118326841171,0.351838885074498,149.83060499177978,fastsma_10
DOGEUSDT,20,0.0001306839,0.20197967773949255,1.0893608754642796,26.666666666666668,30,0.09466981364807392,-0.04795636443113615,0.13804178434934394,0.18901567674201314,190.80465918142883,fastsma_20
DOGEUSDT,30,0.0007723244999999995,1.223813740214448,2.0040651452890654,41.66666666666667,24,0.0718621086105653,-0.02229917717251545,1.0747311969168283,0.72372076683761,,fastsma_30
DOGEUSDT,40,0.00017688539999999891,0.27284646800432233,1.1519604646817385,30.434782608695656,23,0.08546165796884386,-0.037610581257306014,0.2069763262309804,0.33035296439044326,,fastsma_40
DOGEUSDT,50,0.00046563930000000005,0.7229344995538743,1.4713521827250644,32.0,25,0.07416993685626094,-0.028838507269088483,0.6278005884006544,0.5499240251964448,,fastsma_50
DOGEUSDT,60,0.0006771473999999999,1.0768622841604691,1.828229658575796,33.33333333333333,27,0.06743757246516768,-0.021583919683765315,1.0041099868322731,0.632074945822694,29.06178876268298,fastsma_60
DOGEUSDT,70,0.0008272203000000001,1.3125411804049951,2.3624492058723523,28.000000000000004,25,0.08075922641465061,-0.01877780132613306,1.02430438814844,0.7586414167570008,,fastsma_70
DOGEUSDT,80,0.0006465864999999995,1.0090443185010025,1.6710862483191344,46.42857142857143,28,0.07105997468055403,-0.027797309738915987,0.9099165921556988,0.6212767239747022,35.40808600241425,fastsma_80
TRXUSDT,10,0.00013355849999999948,0.9802988328407051,1.3142125612093218,29.411764705882355,34,0.025845073452346323,-0.011168244925063816,0.5167657977303001,0.016701601021107182,64.07152521179871,fastsma_10
TRXUSDT,20,0.00021571410000000013,1.6049488965009167,1.6682851721333711,40.0,25,0.023543332086506386,-0.009266824314264926,0.9162428631911216,0.15474778544062873,,fastsma_20
TRXUSDT,30,0.00030343950000000024,2.3917947417482472,2.5814799140670863,52.63157894736842,19,0.013920796291100324,-0.005101828477933394,2.1797567729224765,0.5200686089812394,,fastsma_30
TRXUSDT,40,0.0003173533000000002,2.5330614212871927,2.97987455206077,61.111111111111114,18,0.010512822273467393,-0.004494364459919272,3.018726006630464,0.6127500887293289,,fastsma_40
TRXUSDT,50,0.0002878880999999996,2.275848322320638,2.905835646491604,57.89473684210527,19,0.011426503331735116,-0.0046122647381577,2.519476795674147,0.5301953120882061,,fastsma_50
TRXUSDT,60,0.00021789109999999988,1.7409775444500617,1.93750957340066,45.0,20,0.012861079701620426,-0.005190523087928085,1.6941897963088337,0.44539425387860143,,fastsma_60
TRXUSDT,70,0.00012061120000000022,0.9483991187903436,1.4155705260372458,40.909090909090914,22,0.015482713799208625,-0.007892510162534077,0.7790055513792749,0.0972077086954446,,fastsma_70
TRXUSDT,80,0.0001473655,1.1663861381096297,1.5245673530947663,52.17391304347826,23,0.013476376065046924,-0.00685005875425259,1.0935098522681876,0.2690146989599602,,fastsma_80
PEPEUSDT,10,8.506049999999994e-08,1.6925606496834316,2.1904348714475055,30.76923076923077,39,6.603009339301025e-06,-1.4903454790378514e-06,1.288208082543833,0.8370021104972281,25.50175110656533,fastsma_10
PEPEUSDT,20,6.456969999999996e-08,1.2823723980740034,1.7737095693831504,38.70967741935484,31,6.919429396123888e-06,-1.9242811319415294e-06,0.9331650964770372,0.756813825186613,27.182906223817056,fastsma_20
PEPEUSDT,30,5.956849999999992e-08,1.1892084107313168,1.7399151877099188,33.33333333333333,24,6.649239503442317e-06,-2.1038947351920583e-06,0.8958693692588642,0.7370136655001854,,fastsma_30
PEPEUSDT,40,3.9856400000000025e-08,0.7998215621966969,1.3736035470233687,33.33333333333333,21,7.598679463427516e-06,-2.4615744038117336e-06,0.5245174532210378,0.6159999430592444,,fastsma_40
PEPEUSDT,50,4.1864e-08,0.8341779821899944,1.4078789301849313,45.45454545454545,22,7.110669553167526e-06,-2.72572118917105e-06,0.5887490578345216,0.632417056287272,,fastsma_50
PEPEUSDT,60,1.8909199999999972e-08,0.38064289528554013,1.1749327669132725,33.33333333333333,24,7.726580319999954e-06,-3.039939614437625e-06,0.2447292232380506,0.355230463617639,,fastsma_60
PEPEUSDT,70,4.040440000000004e-08,0.799848404999016,1.5444551796439066,44.0,25,6.133509800054782e-06,-2.4084032647540064e-06,0.6587484379602551,0.5910146828236351,,fastsma_70
PEPEUSDT,80,-9.938099999999927e-09,-0.20155835983109752,0.9168706958349612,29.03225806451613,31,9.82309076302812e-06,-4.540874504754261e-06,0.10117080499148676,0.048382926852551966,-203.09880158179158,fastsma_80
HBARUSDT,10,-4.575600000000055e-05,-0.0980750985956613,0.9502491024266553,27.027027027027028,37,0.09503802016337382,-0.03717750843774026,0.048144942330810674,0.18681365817100481,-246.68526532039354,fastsma_10
HBARUSDT,20,9.196900000000022e-05,0.19806599613230777,1.1267952049742533,27.586206896551722,29,0.0900132677014942,-0.03646691624146432,0.102172715587875,0.40982980819342696,91.14776718242001,fastsma_20
HBARUSDT,30,0.0002534720000000003,0.5435675483763559,1.4524548610801218,34.61538461538461,26,0.09115775600028186,-0.03374518533054056,0.27805862180198526,0.62427439614578,32.31936466355254,fastsma_30
HBARUSDT,40,0.0002659270000000001,0.5734928511931611,1.503591441140322,24.0,25,0.09221355404911424,-0.032548626190857535,0.2883816839532761,0.6234213683501401,,fastsma_40
HBARUSDT,50,0.00014169100000000046,0.304699398629056,1.2173634910456512,39.130434782608695,23,0.08920376002339303,-0.03667061669291213,0.1588397170285681,0.2569105161873334,,fastsma_50
HBARUSDT,60,0.00010310000000000013,0.2221277932207567,1.1651838571632283,44.0,25,0.09021109663372995,-0.03730047113653829,0.11428749216806552,0.25675837384102873,,fastsma_60
HBARUSDT,70,-7.370800000000025e-05,-0.15980284657120467,0.9094135749364606,30.76923076923077,26,0.09370194316288272,-0.04060609652990172,0.07866218939758073,0.019964535220488022,-106.23039561512913,fastsma_70
HBARUSDT,80,-0.00010133699999999898,-0.22444155452373907,0.872878900208112,30.0,30,0.08837732264181941,-0.04070856391204985,0.11466403028603082,0.03240064952205102,-78.19592054234919,fastsma_80
LTCUSDT,10,-0.025073099999999328,0.04683309377059718,0.9434885414476212,23.684210526315788,38,27.56837579047543,-12.385745185262968,0.09094877475031303,0.036493557094619655,-285.1116216184002,fastsma_10
LTCUSDT,20,0.01688939999999988,0.27660966628160943,1.042356350693952,25.0,28,26.174533957777037,-11.900411825270487,0.06452607724456413,0.2097794881565601,327.93359148341153,fastsma_20
LTCUSDT,30,0.050546000000000646,0.45631522994348167,1.1309974632944833,30.76923076923077,26,27.632344967195465,-12.216243297956705,0.18292330983855257,0.28065704485036447,93.16241443437612,fastsma_30
LTCUSDT,40,0.15075519999999953,0.9790746459993551,1.45235982655187,39.130434782608695,23,22.30300985449135,-10.011263317751009,0.6759410545193328,0.48349033154101106,,fastsma_40
LTCUSDT,50,0.10493359999999981,0.7176377453759722,1.3447763072251362,39.130434782608695,23,19.827126210778445,-10.114522024415011,0.5292426087596884,0.5037394532438856,,fastsma_50
LTCUSDT,60,0.0739991999999998,0.5669795848484723,1.2352894043266378,41.66666666666667,24,21.632556936984027,-11.37016886213305,0.342073293580415,0.3588609417793013,,fastsma_60
LTCUSDT,70,0.038712100000000194,0.39255473548048325,1.1098957282091946,33.33333333333333,30,24.453071727167654,-12.921914682679624,0.15831180815206372,0.12942352612401098,109.78311690660001,fastsma_70
LTCUSDT,80,0.03704349999999934,0.3844238120453626,1.098391436079099,43.333333333333336,30,23.60049642123525,-12.9287337302573,0.15696068141460087,0.16089487021526327,143.80854940812958,fastsma_80
XLMUSDT,10,-0.0003318569999999993,-1.2277350638658575,0.4182366728432614,20.51282051282051,39,0.05481088252402566,-0.023078812908202066,0.6054582315008957,0.4190983554052309,-15.338657915909572,fastsma_10
XLMUSDT,20,-0.0003416119999999989,-1.2516353279428423,0.41739631690071216,25.0,32,0.048721928441852747,-0.02255962502681383,0.7011463029582178,0.543995464332927,-13.34857089329417,fastsma_20
XLMUSDT,30,-0.0004817760000000007,-1.8501385396418701,0.3371271326362136,23.333333333333332,30,0.06654146912051795,-0.030474977277217426,0.7240236898398233,0.8836114758038695,-11.735391551260337,fastsma_30
XLMUSDT,40,-0.0001247950000000002,-0.4548547741298404,0.7422746413281643,36.0,25,0.04825091432726358,-0.01801955663136964,0.25863758591925023,0.00047002515110872167,,fastsma_40
XLMUSDT,50,-0.00010367400000000054,-0.3719314145229358,0.8126602590165171,46.15384615384615,26,0.045258567490436,-0.01574140255798448,0.22907044068928795,0.11350679821940879,-56.0336439222946,fastsma_50
XLMUSDT,60,-1.5494000000001034e-05,-0.05467812129948818,0.9665896853685924,44.0,25,0.03804039753748656,-0.015064197572586365,0.040730384020652294,0.18904483598643185,,fastsma_60
XLMUSDT,70,-5.387000000000017e-05,-0.1897428661309596,0.8932254554319837,46.15384615384615,26,0.0329349143081914,-0.014943335235120134,0.16356502250440622,0.10397559600768991,-110.25361054390156,fastsma_70
XLMUSDT,80,6.69169999999998e-05,0.23386068619112815,1.1308705668834902,40.625,32,0.026093137452576354,-0.01433494926011634,0.2564544034676544,0.48810862943565136,123.58282648654324,fastsma_80
SUIUSDT,10,-0.000786968999999993,-0.13221540350604527,0.9494149060282197,25.64102564102564,39,0.9061113093015938,-0.4996958672124173,0.08685125016335658,0.2821553291864065,-199.15353972011624,fastsma_10
SUIUSDT,20,-0.0019702350000000003,-0.3455322668002891,0.868631942873846,33.33333333333333,27,1.0747686388112299,-0.6139657484284777,0.18331712787779325,0.42520724700721635,-47.86922321448961,fastsma_20
SUIUSDT,30,0.005779884000000001,1.0224975126458327,1.6344222234881651,44.0,25,0.705262918678462,-0.3191771649940299,0.8195360690209661,0.06881264452074698,,fastsma_30
SUIUSDT,40,0.004845923999999996,0.8622641403558722,1.5507229346287525,45.45454545454545,22,0.5262725276316771,-0.23618242855096205,0.9208012475603738,0.22601773478353482,,fastsma_40
SUIUSDT,50,0.0021869029999999966,0.3921491943495428,1.196681714489484,45.45454545454545,22,0.677375098160593,-0.39223355052341125,0.3228496302770083,0.07590921701854803,,fastsma_50
SUIUSDT,60,0.0012512609999999979,0.22775914400891056,1.1178125446353793,40.909090909090914,22,0.7804582220561906,-0.4260879121270034,0.16032389237997047,0.18967106226657937,,fastsma_60
SUIUSDT,70,-0.000781727999999997,-0.1332307583339332,0.9325453522849629,41.66666666666667,24,0.9020680193760122,-0.5091556012997315,0.08665954043473817,0.4686828369748517,,fastsma_70
SUIUSDT,80,-0.003375597999999994,-0.5927198145293433,0.7261703313052169,33.33333333333333,27,0.8652702523838984,-0.49906116560178676,0.39012065775980553,0.6559853680724825,-20.319991598525682,fastsma_80
DOTUSDT,10,-0.008622130000000023,-0.339264757979609,0.8207387688461065,30.303030303030305,33,3.9244527889059855,-1.6162147359482044,0.2197027321713202,0.0022516130088205966,-62.96429072630532,fastsma_10
DOTUSDT,20,-0.002003610000000036,-0.0593797060596565,0.9508469873568267,31.03448275862069,29,3.4131035096485407,-1.4373969262995552,0.05870346429096006,0.04336930660224514,-319.894051237516,fastsma_20
DOTUSDT,30,-0.010053830000000001,-0.3897053622343605,0.8092482938969238,34.61538461538461,26,3.8572479226734457,-1.614141977782025,0.26064775201257284,0.054189880067925245,-69.50956600618878,fastsma_30
DOTUSDT,40,0.004020259999999993,0.1869667331815866,1.1015659342602686,36.36363636363637,22,3.3099289828451117,-1.3784660046314883,0.1214606120202707,0.08329548336093329,,fastsma_40
DOTUSDT,50,0.01795104000000002,0.7358997057410093,1.502357585677791,45.0,20,3.187165831153149,-1.2653194456132566,0.5632289297449311,0.2978735648566543,,fastsma_50
DOTUSDT,60,0.02240891999999997,0.9102791161802566,1.7391297177450462,42.857142857142854,21,3.858037030825523,-1.485415005739144,0.5808373486556458,0.2079144255449723,,fastsma_60
DOTUSDT,70,-0.0010748599999999976,-0.017281924985532326,0.9778736459738063,32.0,25,4.576597643670787,-1.9913241782677376,0.023486006061434674,0.0008138158069878054,,fastsma_70
DOTUSDT,80,0.0031377600000000606,0.14938882119206956,1.0532392396081376,45.16129032258064,31,3.452594012889898,-1.7627790387831508,0.09088123272778562,0.00012953449485897384,264.2381093518936,fastsma_80
ALGOUSDT,10,-0.00022163300000000024,-0.29682273122599334,0.8564557757261151,28.57142857142857,35,0.10732791740698522,-0.04428232616233444,0.20650079248213915,0.030087585554108398,-51.76607274187521,fastsma_10
ALGOUSDT,20,-0.00018352999999999954,-0.24890232567266615,0.8652597235742989,29.03225806451613,31,0.09765533963029815,-0.04320923053531661,0.18793647197869992,0.10407826513292162,-57.394845529341175,fastsma_20
ALGOUSDT,30,0.00020986699999999997,0.2853684460000003,1.2324286130390907,31.818181818181817,22,0.0648901289636461,-0.03071807922245326,0.3234189904562763,0.5998892676463856,,fastsma_30
ALGOUSDT,40,0.00013862699999999978,0.18688274935160548,1.1388840744217543,35.0,20,0.07670171813156657,-0.03413737340536484,0.18073519521715628,0.484139861552189,,fastsma_40
ALGOUSDT,50,0.0001952459999999992,0.2607155636600353,1.2203838652001948,47.368421052631575,19,0.07778844724829481,-0.03647191352638978,0.25099614005250526,0.4220598937655804,,fastsma_50
ALGOUSDT,60,0.0008652909999999997,1.136101992499511,2.328251856240917,55.00000000000001,20,0.07665085792303294,-0.03025545408578797,1.1288732095717182,0.7646132351890333,,fastsma_60
ALGOUSDT,70,0.0005643120000000007,0.7345958679265712,1.6103500975046814,50.0,22,0.06749215983798962,-0.031160407599854122,0.836114892981042,0.7195104416561037,,fastsma_70
ALGOUSDT,80,0.0007278660000000003,0.941995410950897,1.780734196875631,44.44444444444444,27,0.07627472607011354,-0.030477456734060472,0.9542689138351393,0.6339921064996388,26.6073892722012,fastsma_80
ATOMUSDT,10,-0.014694210000000058,-0.5298287234013772,0.7392533140742459,33.33333333333333,36,3.318001509874291,-1.4675508764968956,0.44286327044368273,0.007444471694526111,-22.886402195150314,fastsma_10
ATOMUSDT,20,-0.013745449999999994,-0.4887723529813291,0.735417292652002,36.666666666666664,30,3.8133944151915067,-1.8919132507001617,0.36045183118855817,0.17007352929710895,-14.279052340956461,fastsma_20
ATOMUSDT,30,-0.007020920000000022,-0.23533940016328703,0.8642733972054037,29.629629629629626,27,3.1438401120947312,-1.4716942354673372,0.22332306191366721,0.037303970386920016,-55.33024874233006,fastsma_30
ATOMUSDT,40,0.007041260000000112,0.2843031465603817,1.1388613670032945,40.909090909090914,22,3.3770262519567718,-1.675262950114486,0.20850474573362138,0.148189530926502,,fastsma_40
ATOMUSDT,50,0.005993869999999984,0.24611949457849894,1.1354481387792772,40.0,20,3.4415468659859894,-1.668485593964914,0.17416209144903694,0.15976358656291023,,fastsma_50
ATOMUSDT,60,8.307000000000286e-05,0.030797951540744682,1.001739154829793,47.82608695652174,23,3.752716263256639,-1.9988393154967432,0.0022135966103633427,0.004478295120755704,,fastsma_60
ATOMUSDT,70,-0.014608030000000003,-0.5187255157514017,0.7320110886421767,30.434782608695656,23,4.560240092373635,-2.147921667665991,0.3203346688791648,0.03610563997264604,,fastsma_70
ATOMUSDT,80,-0.012129170000000028,-0.4280768680886254,0.7682246551699757,25.925925925925924,27,4.177289171376552,-2.071948230516692,0.29035983630510964,0.010508713212780796,-61.27335835840374,fastsma_80
LUNCUSDT,10,3.495470000000012e-08,0.05149375495633581,1.0343017490558477,38.88888888888889,36,0.00010767511392506535,-5.051602166443965e-05,0.03246311865927186,0.17382860143119605,682.7836828809802,fastsma_10
LUNCUSDT,20,7.261689999999964e-08,0.105343836940891,1.070363529089953,35.714285714285715,28,0.00010314429027546979,-4.547517755526454e-05,0.07040321844869943,0.20029473971978262,259.3661805998334,fastsma_20
LUNCUSDT,30,6.84387000000009e-08,0.09762489058419221,1.0728137738529753,44.44444444444444,27,0.00010434058009822778,-4.999867370717578e-05,0.06559164223121214,0.21011658506696684,259.02664282050796,fastsma_30
LUNCUSDT,40,-2.8681699999999985e-08,-0.04094473246697403,0.9715095478580927,37.03703703703704,27,0.00011059118434353366,-5.103905643983688e-05,0.02593488818322527,0.11998374550843816,-620.9906804687238,fastsma_40
LUNCUSDT,50,2.1008099999999993e-07,0.3000815628151749,1.255533325970323,45.45454545454545,22,9.579180114682728e-05,-3.8040965530393534e-05,0.2193100009446456,0.36966087410849446,,fastsma_50
LUNCUSDT,60,1.228696000000001e-07,0.17489932841918457,1.1387770905350934,48.148148148148145,27,9.142801805639422e-05,-3.8951167632012025e-05,0.13438943839317638,0.35415106947645614,146.51559132608912,fastsma_60
LUNCUSDT,70,4.903380000000057e-08,0.06990405616458821,1.0482153350445516,32.142857142857146,28,8.866836002097145e-05,-3.772744409872715e-05,0.055300222072905504,0.2879517345100949,391.0695561021189,fastsma_70
LUNCUSDT,80,1.0717199999999865e-08,0.015373101016637074,1.0102109142794637,32.25806451612903,31,9.361688574349714e-05,-4.165044628311346e-05,0.011447934755450149,0.22717830769585168,2036.661991938297,fastsma_80
OMUSDT,10,0.002620701999999999,0.6681994371643506,1.4038390740348625,28.947368421052634,38,0.5189114800365435,-0.2054730321437406,0.5050383544830113,0.5049460993991234,44.85559090655857,fastsma_10
OMUSDT,20,0.0031812555999999968,0.8129379117918248,1.5305525341562651,31.03448275862069,29,0.5955757564772957,-0.24025441623707613,0.5341479342303067,0.5335662020592612,29.489912945064845,fastsma_20
OMUSDT,30,0.005316428100000003,1.3525059149999379,2.1571151880490507,44.0,25,0.4510446335907137,-0.18133863337236406,1.1786922410929799,0.7231026104682016,,fastsma_30
OMUSDT,40,0.003455947600000001,0.8703585787977863,1.719183073886256,44.0,25,0.6804065068687581,-0.2721188450701065,0.5079239491556787,0.42459163570867764,,fastsma_40
OMUSDT,50,0.0038798262999999978,0.9771852059723579,1.827907691841521,45.83333333333333,24,0.5751430088646425,-0.2408223006498305,0.6745846233372366,0.5608190163968705,,fastsma_50
OMUSDT,60,0.003251804699999994,0.8176536658730132,1.6734713100456067,38.46153846153847,26,0.5883345643415971,-0.24245963938049914,0.5527135234080758,0.4975413232325646,23.058594140047866,fastsma_60
OMUSDT,70,0.003498891100000001,0.8728043757525279,1.7592443315623154,48.148148148148145,27,0.5909939456179569,-0.24578797361677307,0.5920350159156842,0.5263710587507215,21.382933152735166,fastsma_70
OMUSDT,80,0.0023202162000000013,0.581226067516326,1.4342468455421036,58.620689655172406,29,0.6332312834919307,-0.2586206919955182,0.3664089662793118,0.3159031415046748,34.95117541201545,fastsma_80
APTUSDT,10,-0.05033339499999994,-1.0556198104308938,0.5571011289551722,25.71428571428571,35,8.501078581965027,-3.855547487738458,0.5920824577105057,0.6017692294087796,-14.682432408940446,fastsma_10
APTUSDT,20,-0.01753665400000002,-0.3201114792587576,0.8225690185937615,33.33333333333333,30,6.04092277806616,-3.032444436716714,0.2902976026059037,0.02604642010948799,-55.32383372563529,fastsma_20
APTUSDT,30,0.013429038000000011,0.3298619026680798,1.1831448965112208,50.0,24,6.151383751152661,-3.0491930428575986,0.21830922184758259,0.35048469021867423,,fastsma_30
APTUSDT,40,0.017534472000000027,0.41758731743604915,1.2298741512885167,40.909090909090914,22,5.89991494405504,-2.761069434827721,0.2971987251726124,0.37756074010039586,,fastsma_40
APTUSDT,50,0.012087036999999983,0.30256289479710397,1.1691579141324195,33.33333333333333,24,5.641789074705272,-2.5478683544858103,0.21424120682199396,0.2919342582989294,,fastsma_50
APTUSDT,60,0.026633062999999915,0.6078961789489495,1.4278662201582961,54.54545454545454,22,5.50352112074396,-2.6163752394509525,0.4839276967542497,0.3470256958364498,,fastsma_60
APTUSDT,70,0.020848290999999977,0.48396797698410843,1.327850159974901,54.166666666666664,24,5.210622810953014,-2.59441547876406,0.4001113063907779,0.3930465026745603,,fastsma_70
APTUSDT,80,0.018877444999999975,0.4522247766911417,1.2014748181091464,48.38709677419355,31,5.891426710559033,-2.895829632781667,0.3204223005297932,0.3639789823267666,47.87212369046754,fastsma_80
NEARUSDT,10,0.0046896199999999855,0.21282658251632072,1.0722846624949842,26.47058823529412,34,3.962117381222796,-1.376485454034777,0.11836146052171392,0.38844339488062385,225.5501341260075,fastsma_10
NEARUSDT,20,9.542999999997193e-05,0.029039488832055538,1.001817094050944,34.48275862068966,29,4.08334831989825,-1.8433131990973926,0.0023370526470871795,0.18950316798026157,5744.330818403679,fastsma_20
NEARUSDT,30,0.006908690000000038,0.29770863672746994,1.1272103771793978,42.30769230769231,26,3.00534338951457,-1.3319713466020906,0.2298802201473538,0.4549302402156218,70.17247842934017,fastsma_30
NEARUSDT,40,0.025404650000000018,1.007277401555139,1.7949826997740355,38.095238095238095,21,2.203174392758167,-0.8094711858220323,1.1530930135855377,0.7728609784966186,,fastsma_40
NEARUSDT,50,0.02853195000000004,1.1360467272769474,1.873620574517069,41.66666666666667,24,2.158238341094487,-0.8129239691260814,1.3220018130866351,0.7656861458581516,,fastsma_50
NEARUSDT,60,0.03587251999999999,1.4019944241608064,1.9122384968626998,37.5,24,2.6401513668916743,-0.8855232735884011,1.3587296717094572,0.7912032358878356,,fastsma_60
NEARUSDT,70,0.030737740000000048,1.2068225282984208,1.7277025281827911,36.0,25,2.3941815661095656,-0.9318855387811369,1.2838516691926358,0.7721408294528846,,fastsma_70
NEARUSDT,80,0.01328437,0.5450136575116625,1.2602627436344283,48.275862068965516,29,2.6888854175565413,-1.200713865328594,0.49404745599281974,0.5633877993033388,68.1852349791522,fastsma_80
ZENUSDT,10,-0.011052700000000018,-0.20552645825756344,0.8673871206158456,30.76923076923077,39,8.113455654305746,-3.6043799783868895,0.13622678758507095,0.003598379629628723,-70.99159481393696,fastsma_10
ZENUSDT,20,-0.0032952999999998943,-0.028847754900000334,0.9439542422521039,41.37931034482759,29,7.199134186594735,-3.3069092529927095,0.04577355991135658,0.002863860261225204,-161.21564045762415,fastsma_20
ZENUSDT,30,-0.003457299999999988,-0.03296528895586588,0.9431109692345413,37.03703703703704,27,7.791351479239317,-3.6440991282721833,0.04437355969901039,0.0007857276552831749,-148.53006681514464,fastsma_30
ZENUSDT,40,-0.0008289000000000257,0.025899294204978145,0.9882295639727245,36.0,25,8.183065614541773,-4.27705371108474,0.010129455622682816,0.04115519842739068,,fastsma_40
ZENUSDT,50,-0.008571000000000027,-0.14567293363783726,0.8795879776231162,40.909090909090914,22,8.446347974660274,-4.285110671868642,0.10147580973118464,0.06120322096637776,,fastsma_50
ZENUSDT,60,0.026526999999999967,0.6377854780517824,1.6159458147866923,41.66666666666667,24,6.518512318396363,-3.4051327296323555,0.40694868252586114,0.2283237092584247,,fastsma_60
ZENUSDT,70,0.01170620000000004,0.3096180471953574,1.2776408755523199,52.17391304347826,23,6.12699996953765,-3.587648410327167,0.19105924691041581,0.019159319589678647,,fastsma_70
ZENUSDT,80,-3.239999999993692e-05,0.044297577357245675,0.9994727146084095,48.38709677419355,31,6.854502492955361,-3.9281807310171355,0.0004726820076764968,0.000552304859725572,-14654.484567909683,fastsma_80
BNBUSDT,10,0.3828455411126022,1.7051488125259222,1.7428183538694397,28.57142857142857,35,17.932021518215112,-8.634211376178841,2.1349826104308023,0.677020550671869,36.00732574745268,fastsma_10
BNBUSDT,20,0.419668417419777,1.821156421822898,1.941419742935973,33.33333333333333,27,17.55634831694034,-8.09950189480568,2.390408357385082,0.729678366697625,24.16516884618659,fastsma_20
BNBUSDT,30,0.4300292035617089,1.8323722158063567,1.9502304096187835,32.0,25,16.38673142090308,-8.301921091688275,2.6242524669267437,0.7267894109393321,,fastsma_30
BNBUSDT,40,0.24744721037724118,1.2007007472448032,1.435386193962642,30.76923076923077,26,23.22766187643248,-11.725344027360284,1.0653126074144765,0.4899365694648321,33.61443801573537,fastsma_40
BNBUSDT,50,0.2285983371016624,1.1293883334234718,1.4069125887973022,34.48275862068966,29,27.508302578492717,-13.69789337576016,0.8310157867770124,0.5185952955602248,33.33561537820771,fastsma_50
BNBUSDT,60,0.32486261342603,1.4323183479153123,1.5492450890467406,32.0,25,30.39767477028289,-15.671119229889069,1.0687087610517478,0.5086419396375954,,fastsma_60
BNBUSDT,70,0.40837989664621177,1.6959836209915504,1.654273787519012,41.935483870967744,31,28.00382860496613,-13.311400457892011,1.4583002288972398,0.6120393746843811,30.405657370923873,fastsma_70
BNBUSDT,80,0.503561044513542,1.9786304501473782,1.8264969804587607,37.93103448275862,29,22.077268914510384,-8.939351172872662,2.2809027985457666,0.7561828857717598,23.125906757890952,fastsma_80
SOLUSDT,10,0.22300045975726646,0.941252996674525,1.2595519018263726,34.285714285714285,35,29.426090909312542,-13.75603339002146,0.7578324298817857,0.5819424137790705,41.42620469339904,fastsma_10
SOLUSDT,20,0.16574441749497495,0.7962693015722005,1.227570849137639,34.61538461538461,26,27.77583647789036,-16.186456096694208,0.5967216059430216,0.524211279380145,35.314712733188856,fastsma_20
SOLUSDT,30,0.24196994680044936,0.9860503338205251,1.356761207612894,37.5,24,25.188068447765833,-12.212802458046387,0.9606530461128391,0.6390791179048847,,fastsma_30
SOLUSDT,40,0.1922784834999719,0.8646076628935421,1.3428945733397464,40.909090909090914,22,31.557202642717098,-17.021405237701423,0.6093014190037744,0.43756722330897,,fastsma_40
SOLUSDT,50,0.36975365815091493,1.265869680132406,1.5788040233248009,45.45454545454545,22,32.734700889408906,-16.450925518085842,1.1295464693570676,0.6301065921195206,,fastsma_50
SOLUSDT,60,0.36075577701477995,1.2560182223442695,1.5839341123383326,36.36363636363637,22,34.17396181371808,-17.793911618523456,1.055645169211741,0.47589999153578333,,fastsma_60
SOLUSDT,70,0.3356325148027054,1.1983755138253638,1.5970195351097716,45.45454545454545,22,33.39238189064585,-18.070836521943285,1.0051170231037803,0.4331449511144395,,fastsma_70
SOLUSDT,80,0.4523263714837188,1.4286553392131764,1.6588353386890227,37.03703703703704,27,25.462693187153064,-13.171186064856325,1.7764278435084602,0.5936848103559158,22.76740954871193,fastsma_80
